{
	"credit": "Made with Blockbench",
	"texture_size": [48, 48],
	"textures": {
		"2": "overmine:item/light"
	},
	"elements": [
		{
			"from": [4, 17.5, 4],
			"to": [12, 17.5, 12],
			"rotation": {"angle": 0, "axis": "z", "origin": [7, 0, 0]},
			"faces": {
				"north": {"uv": [0, 6.66666, 2.66667, 9.33333], "rotation": 180, "texture": "#2"},
				"east": {"uv": [0, 6.66666, 2.66667, 9.33333], "rotation": 180, "texture": "#2"},
				"south": {"uv": [0, 6.66666, 2.66667, 9.33333], "rotation": 180, "texture": "#2"},
				"west": {"uv": [0, 6.66666, 2.66667, 9.33333], "rotation": 180, "texture": "#2"},
				"up": {"uv": [0, 6.66666, 2.66667, 9.33333], "rotation": 180, "texture": "#2"},
				"down": {"uv": [0, 6.66666, 2.66667, 9.33333], "rotation": 180, "texture": "#2"}
			}
		},
		{
			"from": [6, 17, 6],
			"to": [10, 27, 10],
			"rotation": {"angle": 0, "axis": "z", "origin": [7, 0, 0]},
			"faces": {
				"north": {"uv": [14.66667, 0, 16, 3.33333], "rotation": 180, "texture": "#2"},
				"east": {"uv": [14.66667, 0, 16, 3.33333], "rotation": 180, "texture": "#2"},
				"south": {"uv": [14.66667, 0, 16, 3.33333], "rotation": 180, "texture": "#2"},
				"west": {"uv": [14.66667, 0, 16, 3.33333], "rotation": 180, "texture": "#2"},
				"up": {"uv": [14.66667, 3.33333, 16, 4.66666], "rotation": 180, "texture": "#2"},
				"down": {"uv": [14.66667, 3.33333, 16, 4.66666], "rotation": 180, "texture": "#2"}
			}
		},
		{
			"from": [-3, 18, 3],
			"to": [1, 28, 7],
			"rotation": {"angle": 0, "axis": "z", "origin": [7, 0, 0]},
			"faces": {
				"north": {"uv": [14.66667, 0, 16, 3.33333], "rotation": 180, "texture": "#2"},
				"east": {"uv": [14.66667, 0, 16, 3.33333], "rotation": 180, "texture": "#2"},
				"south": {"uv": [14.66667, 0, 16, 3.33333], "rotation": 180, "texture": "#2"},
				"west": {"uv": [14.66667, 0, 16, 3.33333], "rotation": 180, "texture": "#2"},
				"up": {"uv": [14.66667, 3.33333, 16, 4.66666], "rotation": 180, "texture": "#2"},
				"down": {"uv": [14.66667, 3.33333, 16, 4.66666], "rotation": 180, "texture": "#2"}
			}
		},
		{
			"from": [-3, 18, 9],
			"to": [1, 28, 13],
			"rotation": {"angle": 0, "axis": "z", "origin": [7, 0, 0]},
			"faces": {
				"north": {"uv": [14.66667, 0, 16, 3.33333], "rotation": 180, "texture": "#2"},
				"east": {"uv": [14.66667, 0, 16, 3.33333], "rotation": 180, "texture": "#2"},
				"south": {"uv": [14.66667, 0, 16, 3.33333], "rotation": 180, "texture": "#2"},
				"west": {"uv": [14.66667, 0, 16, 3.33333], "rotation": 180, "texture": "#2"},
				"up": {"uv": [14.66667, 3.33333, 16, 4.66666], "rotation": 180, "texture": "#2"},
				"down": {"uv": [14.66667, 3.33333, 16, 4.66666], "rotation": 180, "texture": "#2"}
			}
		},
		{
			"from": [-3, 18, 15],
			"to": [1, 28, 19],
			"rotation": {"angle": 0, "axis": "z", "origin": [7, 0, 0]},
			"faces": {
				"north": {"uv": [14.66667, 0, 16, 3.33333], "rotation": 180, "texture": "#2"},
				"east": {"uv": [14.66667, 0, 16, 3.33333], "rotation": 180, "texture": "#2"},
				"south": {"uv": [14.66667, 0, 16, 3.33333], "rotation": 180, "texture": "#2"},
				"west": {"uv": [14.66667, 0, 16, 3.33333], "rotation": 180, "texture": "#2"},
				"up": {"uv": [14.66667, 3.33333, 16, 4.66666], "rotation": 180, "texture": "#2"},
				"down": {"uv": [14.66667, 3.33333, 16, 4.66666], "rotation": 180, "texture": "#2"}
			}
		},
		{
			"from": [3, 18, 15],
			"to": [7, 28, 19],
			"rotation": {"angle": 0, "axis": "z", "origin": [7, 0, 0]},
			"faces": {
				"north": {"uv": [14.66667, 0, 16, 3.33333], "rotation": 180, "texture": "#2"},
				"east": {"uv": [14.66667, 0, 16, 3.33333], "rotation": 180, "texture": "#2"},
				"south": {"uv": [14.66667, 0, 16, 3.33333], "rotation": 180, "texture": "#2"},
				"west": {"uv": [14.66667, 0, 16, 3.33333], "rotation": 180, "texture": "#2"},
				"up": {"uv": [14.66667, 3.33333, 16, 4.66666], "rotation": 180, "texture": "#2"},
				"down": {"uv": [14.66667, 3.33333, 16, 4.66666], "rotation": 180, "texture": "#2"}
			}
		},
		{
			"from": [9, 18, 15],
			"to": [13, 28, 19],
			"rotation": {"angle": 0, "axis": "z", "origin": [7, 0, 0]},
			"faces": {
				"north": {"uv": [14.66667, 0, 16, 3.33333], "rotation": 180, "texture": "#2"},
				"east": {"uv": [14.66667, 0, 16, 3.33333], "rotation": 180, "texture": "#2"},
				"south": {"uv": [14.66667, 0, 16, 3.33333], "rotation": 180, "texture": "#2"},
				"west": {"uv": [14.66667, 0, 16, 3.33333], "rotation": 180, "texture": "#2"},
				"up": {"uv": [14.66667, 3.33333, 16, 4.66666], "rotation": 180, "texture": "#2"},
				"down": {"uv": [14.66667, 3.33333, 16, 4.66666], "rotation": 180, "texture": "#2"}
			}
		},
		{
			"from": [15, 18, 15],
			"to": [19, 28, 19],
			"rotation": {"angle": 0, "axis": "z", "origin": [7, 0, 0]},
			"faces": {
				"north": {"uv": [14.66667, 0, 16, 3.33333], "rotation": 180, "texture": "#2"},
				"east": {"uv": [14.66667, 0, 16, 3.33333], "rotation": 180, "texture": "#2"},
				"south": {"uv": [14.66667, 0, 16, 3.33333], "rotation": 180, "texture": "#2"},
				"west": {"uv": [14.66667, 0, 16, 3.33333], "rotation": 180, "texture": "#2"},
				"up": {"uv": [14.66667, 3.33333, 16, 4.66666], "rotation": 180, "texture": "#2"},
				"down": {"uv": [14.66667, 3.33333, 16, 4.66666], "rotation": 180, "texture": "#2"}
			}
		},
		{
			"from": [15, 18, 9],
			"to": [19, 28, 13],
			"rotation": {"angle": 0, "axis": "z", "origin": [7, 0, 0]},
			"faces": {
				"north": {"uv": [14.66667, 0, 16, 3.33333], "rotation": 180, "texture": "#2"},
				"east": {"uv": [14.66667, 0, 16, 3.33333], "rotation": 180, "texture": "#2"},
				"south": {"uv": [14.66667, 0, 16, 3.33333], "rotation": 180, "texture": "#2"},
				"west": {"uv": [14.66667, 0, 16, 3.33333], "rotation": 180, "texture": "#2"},
				"up": {"uv": [14.66667, 3.33333, 16, 4.66666], "rotation": 180, "texture": "#2"},
				"down": {"uv": [14.66667, 3.33333, 16, 4.66666], "rotation": 180, "texture": "#2"}
			}
		},
		{
			"from": [15, 18, 3],
			"to": [19, 28, 7],
			"rotation": {"angle": 0, "axis": "z", "origin": [7, 0, 0]},
			"faces": {
				"north": {"uv": [14.66667, 0, 16, 3.33333], "rotation": 180, "texture": "#2"},
				"east": {"uv": [14.66667, 0, 16, 3.33333], "rotation": 180, "texture": "#2"},
				"south": {"uv": [14.66667, 0, 16, 3.33333], "rotation": 180, "texture": "#2"},
				"west": {"uv": [14.66667, 0, 16, 3.33333], "rotation": 180, "texture": "#2"},
				"up": {"uv": [14.66667, 3.33333, 16, 4.66666], "rotation": 180, "texture": "#2"},
				"down": {"uv": [14.66667, 3.33333, 16, 4.66666], "rotation": 180, "texture": "#2"}
			}
		},
		{
			"from": [15, 18, -3],
			"to": [19, 28, 1],
			"rotation": {"angle": 0, "axis": "z", "origin": [7, 0, 0]},
			"faces": {
				"north": {"uv": [14.66667, 0, 16, 3.33333], "rotation": 180, "texture": "#2"},
				"east": {"uv": [14.66667, 0, 16, 3.33333], "rotation": 180, "texture": "#2"},
				"south": {"uv": [14.66667, 0, 16, 3.33333], "rotation": 180, "texture": "#2"},
				"west": {"uv": [14.66667, 0, 16, 3.33333], "rotation": 180, "texture": "#2"},
				"up": {"uv": [14.66667, 3.33333, 16, 4.66666], "rotation": 180, "texture": "#2"},
				"down": {"uv": [14.66667, 3.33333, 16, 4.66666], "rotation": 180, "texture": "#2"}
			}
		},
		{
			"from": [9, 18, -3],
			"to": [13, 28, 1],
			"rotation": {"angle": 0, "axis": "z", "origin": [7, 0, 0]},
			"faces": {
				"north": {"uv": [14.66667, 0, 16, 3.33333], "rotation": 180, "texture": "#2"},
				"east": {"uv": [14.66667, 0, 16, 3.33333], "rotation": 180, "texture": "#2"},
				"south": {"uv": [14.66667, 0, 16, 3.33333], "rotation": 180, "texture": "#2"},
				"west": {"uv": [14.66667, 0, 16, 3.33333], "rotation": 180, "texture": "#2"},
				"up": {"uv": [14.66667, 3.33333, 16, 4.66666], "rotation": 180, "texture": "#2"},
				"down": {"uv": [14.66667, 3.33333, 16, 4.66666], "rotation": 180, "texture": "#2"}
			}
		},
		{
			"from": [3, 18, -3],
			"to": [7, 28, 1],
			"rotation": {"angle": 0, "axis": "z", "origin": [7, 0, 0]},